"updated","url","name","score","phase","progress","summary","hashtag","contact_url","image_url","source_url","webpage_url","maintainer","event_url","event_name"
22.02.20,"https://db.schoolofdata.ch/project/45","Lost in translation","122","Supporting","50","When misunderstandings lead to fake news",,"https://github.com/manuelroth/lost-in-translation/issues","https://raw.githubusercontent.com/manuelroth/lost-in-translation/master/logo.png","https://github.com/manuelroth/lost-in-translation","http://translationese-detector.surge.sh/","patrickboehler","https://db.schoolofdata.ch/event/4","Multilingual Media"
22.02.20,"https://db.schoolofdata.ch/project/53","Made to measure","84","Launching","30","How to adapt visual stories to different languages",,,,"https://github.com/rushlet/swihack/","https://rushlet.github.io/swihack/","elisabetta","https://db.schoolofdata.ch/event/4","Multilingual Media"
22.02.20,"https://db.schoolofdata.ch/project/58","Multilingual comment comparison","84","Launching","30","In this project we want to explore how comments in different languages on swissinfo.ch differ",,"https://github.com/SamCH93/swihack-comments/issues","https://samch93.github.io/swihack-comments/Analysis/wordcloud.PNG","https://github.com/SamCH93/swihack-comments","https://samch93.github.io/swihack-comments/Analysis/swihack-comments-analysis.html","Samuel","https://db.schoolofdata.ch/event/4","Multilingual Media"
22.02.20,"https://db.schoolofdata.ch/project/54","Gamify Language Learning","82","Launching","30","Ha Hu Amharic Alphabet Learning Game",,"https://github.com/evisat/gamifylanguagelearning/issues","https://us-east-1.linodeobjects.com/dribdat/uploads/upload_cfca712ee367c4666d1d9e13db0b20a7.png","https://github.com/evisat/gamifylanguagelearning","https://evisat.github.io/gamifylanguagelearning/","Nigi","https://db.schoolofdata.ch/event/4","Multilingual Media"
22.02.20,"https://db.schoolofdata.ch/project/40","Multilingual video workflows","50","Researching","0","How to make translating videos easier for journalists with basic video editing skills",,,,"https://github.com/RoxaneBrcly/subtitles","https://md.schoolofdata.ch/USEoupv0Sl29xsuvkN8S8w?view","autoidlabs.ch","https://db.schoolofdata.ch/event/4","Multilingual Media"
22.02.20,"https://db.schoolofdata.ch/project/47","Related Articles","0","Challenge","-1","Recomend similar articles",,"https://github.com/team-data/swissinfo-text/issues","https://avatars3.githubusercontent.com/u/46742590?v=4","https://github.com/team-data/swissinfo-text","https://md.schoolofdata.ch/zGkm02YFT5WX5gaIBReAew?view","hubihack","https://db.schoolofdata.ch/event/4","Multilingual Media"
22.02.20,"https://db.schoolofdata.ch/project/48","Automatic Comment Approval","0","Challenge","-1","To have a conversation/discussion on the website the exchange posts an responses need to appear immediatly",,,,,"https://md.schoolofdata.ch/1nkuu41JTe-EvY2Rt6hodA?view","hubihack","https://db.schoolofdata.ch/event/4","Multilingual Media"
22.02.20,"https://db.schoolofdata.ch/project/50","Topic Analyse (Tool for Journalists)","0","Challenge","-1","Tool to verify if we write about the topics we are supposed to write?",,,,,"https://md.schoolofdata.ch/F0wnZA1rRMmlUgTpzYHeMg?view","hubihack","https://db.schoolofdata.ch/event/4","Multilingual Media"
22.02.20,"https://db.schoolofdata.ch/project/37","Translating Access to Data","0","Challenge","-1","Make a statement about the value of multilingual data!",,,"https://farm7.static.flickr.com/6177/6203671018_eb1073fc82_m.jpg",,"https://md.schoolofdata.ch/-N8IHgEvTXKlJmbklGylgA#","oleg","https://db.schoolofdata.ch/event/4","Multilingual Media"
22.02.20,"https://db.schoolofdata.ch/project/56","Crowdsourcing multilingual campaigns","0","Challenge","-1","How to involve a multilingual community in framing, drafting, localizing, and spreading a political campaign?",,,,,,"tillja","https://db.schoolofdata.ch/event/4","Multilingual Media"
22.02.20,"https://db.schoolofdata.ch/project/57","Managing Volunteers in a multilingual Newsroom","0","Challenge","-1",,,,,,"https://md.schoolofdata.ch/9qbPyd1CRaG9N9l10BDe0g?view","diasporaTV","https://db.schoolofdata.ch/event/4","Multilingual Media"
22.02.20,"https://db.schoolofdata.ch/project/51","Vivid conversation","0","Challenge","-1","What's needed to have a more vivid conversation on SWI-Website?",,,,,"https://md.schoolofdata.ch/x_vW_kqNTPeMUbvEulQCNQ?view","hubihack","https://db.schoolofdata.ch/event/4","Multilingual Media"
22.02.20,"https://db.schoolofdata.ch/project/49","Personalized Area","0","Challenge","-1","Offer a user a personalized view on relevant content",,,,"https://liip.invisionapp.com/share/49PP41XSNKC","https://md.schoolofdata.ch/Z7oB-8hWTtSAFXAKOqTfgA?view","hubihack","https://db.schoolofdata.ch/event/4","Multilingual Media"
"24.03.20","https://db.schoolofdata.ch/project/73","Kantonale COVID-19-Fallzahlen","124","Promoting","40","Offiziellen COVID-19-Fallzahlen aus alle Kantone der Schweiz verfügbar machen",,"https://team.opendata.ch/covid19mon/channels/covid19casedata","https://avatars1.githubusercontent.com/u/37435832?v=4","https://github.com/openZH/covid_19","https://www.web.statistik.zh.ch/covid19_dashboard/index.html#/","AndreasAmslerZH","https://db.schoolofdata.ch/event/7","Monitoring COVID-19 effects"
"24.03.20","https://db.schoolofdata.ch/project/72","Bewertung von Kontrollmassnahmen","100","Promoting","40","Verlässliche Daten über Massnahmen zur bekämpfung der Epidemie sammeln und ihre Wirksamkeit bewerten.",,"https://team.opendata.ch/covid19mon/channels/control-measures","https://avatars2.githubusercontent.com/u/25075981?v=4","https://github.com/baffelli/covid-2019-measures",,"bafe","https://db.schoolofdata.ch/event/7","Monitoring COVID-19 effects"
"24.03.20","https://db.schoolofdata.ch/project/68","Daten der Spitalinfrastruktur","92","Prototyping","20","Datensatzen über die verfügbare medizinische Infrastrukturen und Kapazitäten in der Schweiz",,"https://team.opendata.ch/covid19mon/channels/hospitals","https://upload.wikimedia.org/wikipedia/commons/thumb/8/8d/Sign_hospital.svg/486px-Sign_hospital.svg.png","https://github.com/schoolofdata-ch/swiss-hospital-data","https://db.schoolofdata.ch/project/68","Fabienne","https://db.schoolofdata.ch/event/7","Monitoring COVID-19 effects"
"24.03.20","https://db.schoolofdata.ch/project/62","Wirtschaftliche Aktivität","86","Supporting","50","Detailhandel Frequentierung oder Online Nutzung im Grundversorgungsbereich, Konsumentenstimmung",,"https://team.opendata.ch/covid19mon/channels/popular-times",,,"https://md.schoolofdata.ch/HP2ykGmpQXiUQJvQzkNYKg?view","mmznr","https://db.schoolofdata.ch/event/7","Monitoring COVID-19 effects"
"24.03.20","https://db.schoolofdata.ch/project/66","Frequenzen im ÖV, MIV und LV (Velo)","85","Supporting","50",,,,,,"https://md.schoolofdata.ch/N2TBG6iySjaKuueZHGSZRg?view","mmznr","https://db.schoolofdata.ch/event/7","Monitoring COVID-19 effects"
"24.03.20","https://db.schoolofdata.ch/project/63","Auswirkungen auf Luftqualität","60","Prototyping","20","Sieht man in der Schadstoffbelastung (NOX etc) Auswirkungen der Covid19-Epidemie?",,"https://team.opendata.ch/covid19mon/channels/luftqualitt",,"https://github.com/baffelli/covid-2019-air-quality",,"ugzren","https://db.schoolofdata.ch/event/7","Monitoring COVID-19 effects"
"24.03.20","https://db.schoolofdata.ch/project/65","Visualisierung Fallzahlen in den Kantonen","58","Prototyping","20","Die Fallzahlen sind eine wichtige Grundlage, um die Ausbreitung der Epidemie abschätzen zu können. Wir visualizieren!",,"https://team.opendata.ch/covid19mon/channels/lines-curves",,"https://md.schoolofdata.ch/qk2qGXHXSRSOwXMFzLKldw?view",,"chschoenenberger","https://db.schoolofdata.ch/event/7","Monitoring COVID-19 effects"
"24.03.20","https://db.schoolofdata.ch/project/76","Presentations","28","Researching","0","A meta-project with a summary of the sprint",,,,,"https://md.schoolofdata.ch/p/nSv8ks9-s","oleg","https://db.schoolofdata.ch/event/7","Monitoring COVID-19 effects"
"24.03.20","https://db.schoolofdata.ch/project/70","einanderhelfen.ch","2","Challenge","-1","Auf der Plattform einanderhelfen.ch kommen Menschen zusammen, die sich gegenseitig unterstützen.",,"https://www.einanderhelfen.ch/de/user_feedbacks/new","https://user-assets.sharetribe.com/images/communities/wide_logos/105042/header/banner_9.png?1584379670",,"https://www.einanderhelfen.ch","Cyrillthenerd","https://db.schoolofdata.ch/event/7","Monitoring COVID-19 effects"
"24.03.20","https://db.schoolofdata.ch/project/74","Make people understand the exponential growth of Covid-19","0","Challenge","-1","We understand math, we can use it to fit exponential and other models to existing data",,"https://t.me/mfexporona",,"https://medium.com/@tomaspueyo/coronavirus-act-today-or-people-will-die-f4d3d9cd99ca","https://platform.mindfire.global/quests/make-people-understand-the-nature-of-the-exponential-growth-of-covid-19","chriszol","https://db.schoolofdata.ch/event/7","Monitoring COVID-19 effects"
"24.03.20","https://db.schoolofdata.ch/project/67","Daten zur Netzauslastung","0","Challenge","-1",,,,,,"https://md.schoolofdata.ch/kD_UQKQ3Rv-C7sq53TV4LA?view","mmznr","https://db.schoolofdata.ch/event/7","Monitoring COVID-19 effects"
"24.03.20","https://db.schoolofdata.ch/project/75","Wie lange reichen die Betten in den Intensivstationen?","0","Challenge","-1","Anhand von Daten und Annahmen voraussagen, ob die Betten in den Intensivstationen auch in Zukunft reichen.",,"https://github.com/plotti/corona/issues",,"https://github.com/plotti/corona","https://corona-beds.herokuapp.com/","plotti","https://db.schoolofdata.ch/event/7","Monitoring COVID-19 effects"
"24.03.20","https://db.schoolofdata.ch/project/69","Hilf-Jetzt.ch: Analysen und Verbesserungen","0","Challenge","-1","Die Webseite hilf-jetzt.ch vernetzt Menschen",,,"https://www.dropbox.com/sh/uzivx0owyfaczmd/AACvHP4UZ_S5T9bgQKf-7GQta?dl=0&preview=hilf-jetzt-logo--ohne-text.png","https://github.com/mmznrSTAT/covid19mon_hilfjetzt/blob/master/README.md",,"mmznr","https://db.schoolofdata.ch/event/7","Monitoring COVID-19 effects"
05.06.20,"https://hack.glam.opendata.ch/project/14","1914 in a Timeline","95","Launching","30","In this project, we are translating articles of two french-speaking newspapers from Switzerland from 1914 into German. ",,,"https://avatars1.githubusercontent.com/u/51910214?v=4","https://github.com/sandroanderes/GLAMhack2020","https://glamhack2020.sandroanderes.ch/","bernie","https://hack.glam.opendata.ch/event/1","GLAMhack 2020"
05.06.20,"https://hack.glam.opendata.ch/project/9","Europa meets Europe ","93","Supporting","50","Art project that connects the Jupiter moon Europa with the continent Europe thru the help of APIs.",,"https://app.slack.com/client/T01389WTSSX/C014MJZM1AS","http://mediapp.ch/glamhack2020/img/startpage.jpg","https://github.com/MartinVollenweider/Europa-meets-Europe.git","https://mediapp.ch/glamhack2020","mv24","https://hack.glam.opendata.ch/event/1","GLAMhack 2020"
05.06.20,"https://hack.glam.opendata.ch/project/17","Swiss Name Chart","89","Promoting","40","We connect names out of a data set and integrate the data into a map of Switzerland or some other visual form of a map.",,"https://www.fhgr.ch/en/degree-programmes/bachelors-degree-programmes/media-technology-and-it/multimedia-production/","http://portfolios.htwchur.ch/mmp19/lau/wp-content/uploads/sites/57/2020/06/Website_The_Names_Map_2-1568x919.jpg","https://github.com/mapsname","https://824189-6.web1.fh-htwchur.ch/#","Geruscha Lau FHGR","https://hack.glam.opendata.ch/event/1","GLAMhack 2020"
05.06.20,"https://hack.glam.opendata.ch/project/20","Art exhibitions, 1945-2020","88","Supporting","50","A user-friendly interface to visualize exhibition data from SIKART.ch on a map",,"https://glamhack2020.slack.com/archives/C014UH7EJCT","https://www.dropbox.com/s/8ix8lm0pjqf761r/glam-artexhibitions-image-v1.jpg?raw=1",,"https://public.tableau.com/profile/ishan.mishra8696#!/vizhome/ArtExhibition1945-2020/ArtistDashboard?publish=yes","GLAMoperator","https://hack.glam.opendata.ch/event/1","GLAMhack 2020"
05.06.20,"https://hack.glam.opendata.ch/project/11","Culture in Time","86","Promoting","40","Cultural Calendar using existing LOD on past and future productions, venues, artists, and works.",,"https://glamhack2020.slack.com/archives/C0150GLV03E","https://raw.githubusercontent.com/saumier/GLAMhack2020-Culture-inTime/master/images/Screen%20Shot%202020-06-06%20at%209.12.09%20AM.png","https://github.com/saumier/GLAMhack2020-Culture-inTime","https://culture-intime.herokuapp.com/","saumier","https://hack.glam.opendata.ch/event/1","GLAMhack 2020"
05.06.20,"https://hack.glam.opendata.ch/project/16","«MATCH WITH THE MOUNTAINS»","85","Promoting","40","We'd like to introduce the best matching mountain according to the users needs.",,"https://glamhack2020.slack.com/archives/C015LNPNQ8G","http://make.opendata.ch/wiki/_media/glam:capauliana_belveder_13931.1.jpg?cache=","https://234194-8.web1.fh-htwchur.ch/front-page.html","https://docs.google.com/document/d/e/2PACX-1vQX7kZUXbhgPIN7bB3XiYyWLBcyy4SLjt3StLPxhGBNX0LgzBMe-rcX01V9aXXMWxFGJa0m6P-0Civb/pub","nicolenett","https://hack.glam.opendata.ch/event/1","GLAMhack 2020"
05.06.20,"https://hack.glam.opendata.ch/project/4","swissAR","84","Supporting","50","swissAR is an augmented reality web app displaying relevant information about the user's surroundings.",,,"https://www.thomasweibel.ch/data/uploads/news/swissar_kl.png",,"https://www.thomasweibel.ch/swissar/","twb","https://hack.glam.opendata.ch/event/1","GLAMhack 2020"
05.06.20,"https://hack.glam.opendata.ch/project/7","Text Analysis Challenge: Detect Looted Art.","80","Promoting","40","Help Automate Analysis, Flagging and Ranking of Museum Art Provenance Texts by the Probability of a Hidden History",,"https://github.com/parisdata/GLAMhack2020/issues",,"https://www.openartdata.org/2020/06/art-provenance-dataset-text-analysis.html","https://www.openartdata.org/2020/06/art-provenance-dataset-text-analysis.html","LaZu","https://hack.glam.opendata.ch/event/1","GLAMhack 2020"
05.06.20,"https://hack.glam.opendata.ch/project/1","Sir Dridbot Glamhacker","76","Promoting","40","Surfacing archival open data with chatbots",,"https://app.slack.com/client/T01389WTSSX/C014FPW1DJT/","https://github.com/hackathons-ftw/dridbot/blob/glamhack2020/images/Logo_of_GlamBot.svg.png?raw=true","https://github.com/hackathons-ftw/dridbot/tree/glamhack2020","https://md.schoolofdata.ch/s/lHGmrMTjd#","oleg","https://hack.glam.opendata.ch/event/1","GLAMhack 2020"
05.06.20,"https://hack.glam.opendata.ch/project/10","Georeferencing and linking digitized archival Documents","72","Promoting","40",,,,"https://i.imgur.com/CGItUEF.jpg",,"https://docs.google.com/document/d/e/2PACX-1vSAsvWJ9bivqKtWqAHBEzGYu5wF0jj9W95XtSsqv-hcpfI8TJgNRVxNa6a0z-BgUxzTTP_oHLqmt3bQ/pub?embedded=true","n.kessler","https://hack.glam.opendata.ch/event/1","GLAMhack 2020"
05.06.20,"https://hack.glam.opendata.ch/project/3","#GLAMhack Aftermovie","62","Launching","30","Create an insight into the GLAMhack20 for the broad audience",,,,,"https://www.youtube.com/embed/u1Pgu7yxzEU","GLAMoperator","https://hack.glam.opendata.ch/event/1","GLAMhack 2020"
05.06.20,"https://hack.glam.opendata.ch/project/2","GLAM Inventory","54","Sketching","10","An inventory of all Swiss GLAM institutions",,"https://glamhack2020.slack.com/archives/C014T044ETX",,"https://opendata.swiss/de/dataset/isplus","https://md.schoolofdata.ch/s/O54UkeSId#","GLAMoperator","https://hack.glam.opendata.ch/event/1","GLAMhack 2020"
05.06.20,"https://hack.glam.opendata.ch/project/19","MountainHunt","50","Prototyping","20","Try to find on old photos the places, where they were taken and recreate it. ",,,,"https://github.com/jnussbaum/mountainhunt","https://459900-6.web1.fh-htwchur.ch/","Dynamo","https://hack.glam.opendata.ch/event/1","GLAMhack 2020"
05.06.20,"https://hack.glam.opendata.ch/project/21","Interactive Storytelling Across Generations","44","Researching","0","Developing digital learning in creative subjects ",,,"https://make.opendata.ch/wiki/_media/glam:scratch_screenshot2.png","https://wbd.ms/share/v2/aHR0cHM6Ly93aGl0ZWJvYXJkLm1pY3Jvc29mdC5jb20vYXBpL3YxLjAvd2hpdGVib2FyZHMvcmVkZWVtLzQ0YTY0ZjgyYzc0YjQxYzU4YzQyNWRhOTIxMmM1ODljX0JCQTcxNzYyLTEyRTAtNDJFMS1CMzI0LTVCMTMxRjQyNEUzRA==","https://drive.google.com/drive/folders/1RPN6oYb4KkxfbXP5lfULtESIBeuAk84f","sylviainpublic","https://hack.glam.opendata.ch/event/1","GLAMhack 2020"
05.06.20,"https://hack.glam.opendata.ch/project/8","Extra Moenia  ","20","Researching","0","Fuori le mura / Outside the walls",,,,,,"marta.pucciarelli","https://hack.glam.opendata.ch/event/1","GLAMhack 2020"
05.06.20,"https://hack.glam.opendata.ch/project/5","AGGA DB (VSA) - Kirchenarchive Schweiz","2","Challenge","-1","Create AGGA DB in RDF / LOD (conversion from Excel)",,,"http://make.opendata.ch/wiki/project:kirchenarchive","https://drive.google.com/open?id=1lo5iIYLAj7BCDhxuGyXGQr6AwPQ7dSOE","http://make.opendata.ch/wiki/project:kirchenarchive","jhagmann","https://hack.glam.opendata.ch/event/1","GLAMhack 2020"
05.06.20,"https://hack.glam.opendata.ch/project/6","Metadata Enhancement through Deep Learning","2","Challenge","-1","Create an app to semi-automatically add “depicts” statements to photographs on Wikimedia Commons.",,,"https://i.imgur.com/Zz1XqzK.png",,"https://www.dropbox.com/sh/19xssbc21gwve94/AADl0EKIagBXj3tVnD_OGKyTa?dl=0","KriGoo","https://hack.glam.opendata.ch/event/1","GLAMhack 2020"
05.06.20,"https://hack.glam.opendata.ch/project/13","Genre categories","2","Challenge","-1","Suggesting a discussion on how detailed you should be when defining genre categories. ",,,,"https://ibsenstage.hf.uio.no/",,"niname","https://hack.glam.opendata.ch/event/1","GLAMhack 2020"
05.06.20,"https://hack.glam.opendata.ch/project/15","Data Entry Wizard","2","Challenge","-1","A data entry wizard with a friendly user interface to guide users in applying the correct classes and properties.",,,,,"https://www.typeform.com/product/","saumier","https://hack.glam.opendata.ch/event/1","GLAMhack 2020"
05.06.20,"https://hack.glam.opendata.ch/project/12","SFA Data Challenge","0","Challenge","-1","Write an app using our data search API connecting to our online catalogue",,"https://glamhack2020.slack.com/archives/C0150GMJS20","https://www.bar.admin.ch/bar/en/home/research/searching/project-online-access/_jcr_content/par/image_1085373367/image.imagespooler.jpg/1589964220338/roadmap-challenge_flyer_EN.jpg","https://www.recherche.bar.admin.ch/recherche/#/en/information/api","https://www.bar.admin.ch/dam/bar/en/dokumente/diverses/roadmap-challenge_flyer_final_EN.pdf.download.pdf/roadmap-challenge_flyer_final_EN.pdf","SFA","https://hack.glam.opendata.ch/event/1","GLAMhack 2020"
28.08.20,"https://hack.opendata.ch/project/466","Read your own Smart Meter","122","Supporting","50","Lokale Schnittstelle zu Smart Meter inkl. Darstellung auf Web Oberfläche",,"https://github.com/aselviar/cii_read_your_sm/issues","https://raw.githubusercontent.com/derrickoswald/cii_read_your_sm/master/img/dashboard.png","https://github.com/aselviar/cii_read_your_sm",,"nikki_böhler","https://hack.opendata.ch/event/31","Energy Hackdays 2020"
28.08.20,"https://hack.opendata.ch/project/507","E-Mobility Behavior Analysis","105","Promoting","40",,,"https://github.com/magnetilo/energy_hackdays_2020_05_emob_behavior_analysis/issues","https://avatars3.githubusercontent.com/u/10993772?v=4","https://github.com/magnetilo/energy_hackdays_2020_05_emob_behavior_analysis","https://github.com/magnetilo/energy_hackdays_2020_05_emob_behavior_analysis/blob/master/README.md#energy-hackdays-2020-group-05-e-mobility-behavior-analysis","nikki_böhler","https://hack.opendata.ch/event/31","Energy Hackdays 2020"
28.08.20,"https://hack.opendata.ch/project/467","Cheapest Charging Around","93","Prototyping","20","Weiterentwicklung der BfE-Info-Plattform; «Ich tanke Strom.ch»; Verbesserung der Transparenz",,"https://github.com/BaseCrusher/Cheapest-Charging-Around-Open-Energy-Data-Hackdays/issues","https://avatars2.githubusercontent.com/u/12885003?v=4","https://github.com/BaseCrusher/Cheapest-Charging-Around-Open-Energy-Data-Hackdays","https://md.schoolofdata.ch/7wV5czYKSb2R6_zJiD8PyA#","nikki_böhler","https://hack.opendata.ch/event/31","Energy Hackdays 2020"
28.08.20,"https://hack.opendata.ch/project/599","PV self-consumption optimization","92","Launching","30","Evaluate and optimize trade-offs in the design of battery storage for PV systems",,"https://app.slack.com/client/TU06FHE4F/C019AS2Q4GM/thread/C019JD0QJJY-1598610327.009400","https://avatars0.githubusercontent.com/u/70436568?v=4","https://github.com/ehackdays/PV-Optimisation","https://docs.google.com/spreadsheets/d/1do9f6oVBUL3lv-VN8X_TGXpjbetuY68Oa-nTt8-lW0M/copy","jonas_huber","https://hack.opendata.ch/event/31","Energy Hackdays 2020"
28.08.20,"https://hack.opendata.ch/project/598","Smart Meter Anomaly Detection","88","Launching","30","Challenge #14: ""Anomaly Detection for Smart Meter Devices"" from the open energy hackdays 2020",,"https://github.com/nidDrBiglr/energy-hackdays-anomaly-detection/issues","https://raw.githubusercontent.com/nidDrBiglr/energy-hackdays-anomaly-detection/master/meter-ui/src/assets/logo.png","https://github.com/nidDrBiglr/energy-hackdays-anomaly-detection","https://www.youtube.com/embed/tHPd631CEBU","nidDrBiglr","https://hack.opendata.ch/event/31","Energy Hackdays 2020"
28.08.20,"https://hack.opendata.ch/project/600","Empower the People with Smart Meter Data","81","Promoting","40",,,"https://openenergydat-ehr6560.slack.com/archives/C019AS8NQP7",,"https://www.figma.com/proto/b0tYMzO51sRp4McNm7A8qF/Open-Energy-Hackdays?node-id=16%3A46&scaling=min-zoom","https://speakerdeck.com/player/0cacae97d6ca448198462d89af0ae68a?title=false&skipResize=true","Eclara","https://hack.opendata.ch/event/31","Energy Hackdays 2020"
28.08.20,"https://hack.opendata.ch/project/461","Optimization of District Heating","77","Prototyping","20","Energieverbrauch von Fernwärmeanlagen minimieren, insb. der Einsatz von Spitzenlast-Kesseln (fossile Brennstoffen)",,"https://github.com/district-heating-2020/data_analysis/issues","https://github.com/district-heating-2020/data_analysis/blob/master/doc/pictures/Speicher.JPG?raw=true","https://github.com/district-heating-2020/data_analysis","https://github.com/district-heating-2020/data_analysis/blob/master/pitch/01%20pitch%20rev01.pdf","nikki_böhler","https://hack.opendata.ch/event/31","Energy Hackdays 2020"
28.08.20,"https://hack.opendata.ch/project/468","Energy data visualization","70","Launching","30","Energy data are diverse. How do we present them interactively and informatively?",,,,,"https://demo.codimd.org/s/SJ2pyTD7D#","nikki_böhler","https://hack.opendata.ch/event/31","Energy Hackdays 2020"
28.08.20,"https://hack.opendata.ch/project/471","ML Wind Power-Prediction ","63","Launching","30",,,"https://openenergydat-ehr6560.slack.com/archives/C01A232S53J",,"https://md.schoolofdata.ch/kecN4QN2RdWcDVQaqkH5wA?view",,"nikki_böhler","https://hack.opendata.ch/event/31","Energy Hackdays 2020"
28.08.20,"https://hack.opendata.ch/project/543","Put CH on Electricity Map","62","Prototyping","20","Raise awareness and support global climate goals",,"https://openenergydat-ehr6560.slack.com/archives/CUZDUCFA9",,,"https://md.schoolofdata.ch/rVnlqucuS4-sJTsfgk_0ZQ?view","oleg_old","https://hack.opendata.ch/event/31","Energy Hackdays 2020"
28.08.20,"https://hack.opendata.ch/project/545","LocationAI","58","Launching","30","Know the neighbourhood of your customer",,"https://openenergydat-ehr6560.slack.com/archives/CUZCQRP6U",,,"https://speakerdeck.com/player/f1690cba5b484d3585aa0ddc19f25b7e?title=false&skipResize=true","oleg_old","https://hack.opendata.ch/event/31","Energy Hackdays 2020"
28.08.20,"https://hack.opendata.ch/project/506","Photovoltaic: Where is it Best?","56","Sketching","10","Where solar photovoltaics make the most sense",,"https://openenergydat-ehr6560.slack.com/archives/CUN1RB0N7",,"https://github.com/xiaoshir/Photovoltaic-Where-is-it-Best-","https://md.schoolofdata.ch/uxm9hAUMQECO5beIHCG99g?view","nikki_böhler","https://hack.opendata.ch/event/31","Energy Hackdays 2020"
28.08.20,"https://hack.opendata.ch/project/582","Unleashing the Swiss Smartmeter's CII","54","Prototyping","20","Empower citizens to use their energy data. Using the smartmeter's CII beyond visualisation to steer local consumption.",,"http://Gantrisch-Energie.ch/",,"https://github.com/tamberg/makeopendata-smart-meter-interop",,"GEAG","https://hack.opendata.ch/event/31","Energy Hackdays 2020"
28.08.20,"https://hack.opendata.ch/project/571","Distributed analytics for asset management","50","Launching","30","Using AI to predict how power transformers will fail, and what to watch out for",,,,,,"Abreise ","https://hack.opendata.ch/event/31","Energy Hackdays 2020"
28.08.20,"https://hack.opendata.ch/project/463","Client-Analysis 2.0 ","42","Sketching","10","and the power of open data",,"https://openenergydat-ehr6560.slack.com/archives/CUZCQRP6U",,,"https://speakerdeck.com/player/630b676236e04830bd3802865dfee042?title=false&skipResize=true","nikki_böhler","https://hack.opendata.ch/event/31","Energy Hackdays 2020"
28.08.20,"https://hack.opendata.ch/project/464","PV Optimisation","0","Challenge","-1",,,,,"https://github.com/zuzfil/PV-Optimisation/tree/master/","https://data.okfn.org/tools/view?url=https%3A%2F%2Fraw.githubusercontent.com%2Fzuzfil%2FPV-Optimisation%2Fmaster%2Fdatapackage.json","nikki_böhler","https://hack.opendata.ch/event/31","Energy Hackdays 2020"
28.08.20,"https://hack.opendata.ch/project/595","ML: Knowledge discovery from energy data","0","Challenge","-1"," Energy data has multiple dimensions. Where are the most surprising changes?",,,,,,"nikki_böhler","https://hack.opendata.ch/event/31","Energy Hackdays 2020"
28.08.20,"https://hack.opendata.ch/project/504","Smart Meters: New Uses ","0","Challenge","-1",,,,,,,"nikki_böhler","https://hack.opendata.ch/event/31","Energy Hackdays 2020"
28.08.20,"https://hack.opendata.ch/project/508","Performance GAP Buildings","0","Challenge","-1",,,,,,"https://md.schoolofdata.ch/L-rxBYlgRbW4UPp3phGnFQ?view","nikki_böhler","https://hack.opendata.ch/event/31","Energy Hackdays 2020"
28.08.20,"https://hack.opendata.ch/project/579","Challenge: Anomaly Detection","0","Challenge","-1","Participants are asked to use machine learning in order to identify abnormal consumption from smart meter data.",,,,,,"portia90","https://hack.opendata.ch/event/31","Energy Hackdays 2020"
28.08.20,"https://hack.opendata.ch/project/544","Integrations for North App","0","Challenge","-1","Reduce your climate Impact CH",,"https://openenergydat-ehr6560.slack.com/archives/CUZDK2KEU",,,"https://md.schoolofdata.ch/jBYAn_ouQiS38p2QNn69IA?view","oleg_old","https://hack.opendata.ch/event/31","Energy Hackdays 2020"
04.09.20,"https://hack.opendata.ch/project/589","EVAS - Automatisiertes Auslaufjournal #17","78","Launching","30","Automatisierung der Einträge im Auslaufjournal",,"https://openfarminghackdays.slack.com/archives/C019LPS071V",,"https://github.com/OpenFarmingHackdays-C17/E-VAS","https://speakerdeck.com/player/3c3713efdd2d45b1a236df0f783798da?title=false&skipResize=true","Markus Gusset","https://hack.opendata.ch/event/34","Open Farming Hackdays"
04.09.20,"https://hack.opendata.ch/project/577","Drop Advisor #7","77","Launching","30",,,,,"https://github.com/anni-/07_SmarteBewaesserung","https://speakerdeck.com/player/e0b3d8cb543f42f0bcdcefd2213593fa?title=false&skipResize=true","CWOI","https://hack.opendata.ch/event/34","Open Farming Hackdays"
04.09.20,"https://hack.opendata.ch/project/563","Die gesunde Kuh #2","59","Prototyping","20","Früherkennung von Krankheiten zur Reduktion von Medikamenten-Einsatz","02-früherkennung-milchkuh","https://openfarminghackdays.slack.com/archives/C01AE4HUQ57",,,"https://speakerdeck.com/player/60edf77b920a49a2b5c9de8de2a9bdd9?title=false&skipResize=true","nikki_böhler","https://hack.opendata.ch/event/34","Open Farming Hackdays"
04.09.20,"https://hack.opendata.ch/project/565","Decision Support Besamung #6","52","Sketching","10","Decision Making Tool als Entscheidungshilfe für Besamungsentscheidung",,"https://openfarminghackdays.slack.com/archives/C01A1FTU1EE",,"https://github.com/schoolofdata-ch/openfarming-Decision-Support","https://nbviewer.jupyter.org/github/schoolofdata-ch/openfarming-Decision-Support/blob/master/DataCleaning.ipynb","nikki_böhler","https://hack.opendata.ch/event/34","Open Farming Hackdays"
04.09.20,"https://hack.opendata.ch/project/570","databndlr #13","48","Researching","0","Transparente Vertrauensplattform zwischen Produzent und Konsument",,"https://openfarminghackdays.slack.com/archives/C01A1G2DY66",,"https://foodtracking-a1057.web.app/#/screens/02d3fefc-1a7e-4bcc-8e3d-4a721bc31356","https://speakerdeck.com/player/ff8c6a6b2e1f44d8a087adb81f57a674?title=false","fabian","https://hack.opendata.ch/event/34","Open Farming Hackdays"
04.09.20,"https://hack.opendata.ch/project/586","TRIVAtünder #10","45","Sketching","10","Hof- und Recyclingdünger ressourcenschonend finden",,,"https://files.slack.com/files-pri/T01787VET09-F01AHGBPYN5/screenshot_from_2020-09-04_22-24-26.png?pub_secret=a9c74eb84c",,"https://balsamiq.cloud/syrsz01/po04ggh/r3C0A","Urs Podzorski","https://hack.opendata.ch/event/34","Open Farming Hackdays"
04.09.20,"https://hack.opendata.ch/project/564","Cow Value #3","43","Sketching","10","Decision support tool für die Wirtschaftlichkeit einer Kuh",,"https://openfarminghackdays.slack.com/archives/C01A1FK77U2",,,"https://speakerdeck.com/player/8e4f840d2987495da742adeaa24ebc9d?title=false","nikki_böhler","https://hack.opendata.ch/event/34","Open Farming Hackdays"
04.09.20,"https://hack.opendata.ch/project/574","Mehr Biodiversität im Ackerbaugebiet #18","42","Researching","0","Wie werden Landwirte/Landwirtinnen motiviert, den Anteil der Biodiversitätsförderflächen im Ackerbaugebiet zu erhöhen?",,"https://openfarminghackdays.slack.com/archives/C019YDQKCVB",,"https://shop.fibl.org/CHde/1702-handbuch-biodiversitaet.html?ref=1&ref=1","https://speakerdeck.com/player/63a8ed506108413684e4fc5217800235?title=false&skipResize=true","NTRO_Liebegg","https://hack.opendata.ch/event/34","Open Farming Hackdays"
04.09.20,"https://hack.opendata.ch/project/588","Stop Erosion #11","35","Researching","0","Digitale Anwendung zur Warnung vor Erosion",,"https://openfarminghackdays.slack.com/archives/C019YDF1RC5","https://files.slack.com/files-pri/T01787VET09-F01AJ2YNEL9/image.png?pub_secret=f502440a3e",,"https://speakerdeck.com/player/a1f99331a3f946a6a892f361bbef2756?title=false&skipResize=true","Markus Gusset","https://hack.opendata.ch/event/34","Open Farming Hackdays"
04.09.20,"https://hack.opendata.ch/project/592","FarmPreneur #14","27","Researching","0",,,"https://openfarminghackdays.slack.com/archives/C019YDLF413",,,"https://speakerdeck.com/player/3e334eee6bd24db1ab9d5d16fe03aac2?title=false","Louisa Sarakinis","https://hack.opendata.ch/event/34","Open Farming Hackdays"
04.09.20,"https://hack.opendata.ch/project/587","Open source Felddaten #12","27","Researching","0",,,"https://openfarminghackdays.slack.com/archives/C01A1N24MK5",,,"https://opendata.utou.ch/felddaten/#/title-slide","jstrebel","https://hack.opendata.ch/event/34","Open Farming Hackdays"
04.09.20,"https://hack.opendata.ch/project/594","15 - Restenpuzzle","0","Challenge","-1","essen statt vergessen",,,,,,"Andrea","https://hack.opendata.ch/event/34","Open Farming Hackdays"
04.09.20,"https://hack.opendata.ch/project/569","01 - CO2-Kompensation aus dem Aargau","0","Challenge","-1","Man bezahlt einen Ablass für die CO2-Sünden. Dieser kommt nachhaltigen Projekten der Landwirtschaft zu Gute.",,,,,,"Leume","https://hack.opendata.ch/event/34","Open Farming Hackdays"
04.09.20,"https://hack.opendata.ch/project/568","09 - Neophyten weed warriors","0","Challenge","-1","Eine einheitliche Neophyten-Bekämpfungsstrategie wird gesucht.",,,,,,"ThomasHufschmid","https://hack.opendata.ch/event/34","Open Farming Hackdays"
04.09.20,"https://hack.opendata.ch/project/572","08 - Neue Helvetische Küche","0","Challenge","-1","Neue Helvetische Küche - die Idee einer nachhaltigen Esskultur in der digitalen Welt von morgen.",,,,,,"Serge Goustoo","https://hack.opendata.ch/event/34","Open Farming Hackdays"
04.09.20,"https://hack.opendata.ch/project/576","04 - Aargauer Weinverkauf – neu denken","0","Challenge","-1",,,,,,,"CWOI","https://hack.opendata.ch/event/34","Open Farming Hackdays"
04.09.20,"https://hack.opendata.ch/project/604","16 - Neue Märkte schaffen","0","Challenge","-1",,,,,,,"Andrea","https://hack.opendata.ch/event/34","Open Farming Hackdays"
04.09.20,"https://hack.opendata.ch/project/581","05 - Pflanzenschutz leicht gemacht! - App","0","Challenge","-1","Entwickeln einer App, die hilft Fehler bei der Anwendung von Pflanzenschutzmitteln zu vermeiden",,,,,,"ursgalliker","https://hack.opendata.ch/event/34","Open Farming Hackdays"
23.10.20,"https://now.makezurich.ch/project/71","Max Mayr & Seonbin Kim","90","Supporting","50","Documentation Max Mayr, Seonbin Kim",,"https://github.com/maxmayr95/make-zurich2020-awesome-green-space/issues","https://avatars0.githubusercontent.com/u/27785831?v=4","https://github.com/maxmayr95/make-zurich2020-awesome-green-space","https://awesome-green-space.maxmayr.com/","max_mayr","https://now.makezurich.ch/event/4","Make Zurich 2020"
23.10.20,"https://now.makezurich.ch/project/49","Graffiti Honeypot","81","Promoting","40","Monitor graffiti prone area and report activity.",,"https://gitlab.com/derrickoswald/graffiti_honeypot/issues","https://user-images.githubusercontent.com/1239771/75097425-f61b3180-55aa-11ea-802b-13b92e294041.jpg","https://gitlab.com/derrickoswald/graffiti_honeypot",,"derrickoswald","https://now.makezurich.ch/event/4","Make Zurich 2020"
23.10.20,"https://now.makezurich.ch/project/64","Enkel as a Service","80","Launching","30","Unsere ältesten und jüngsten Gesellschaftsmitglieder miteinander verbinden",,,"https://fangirltherapy.files.wordpress.com/2016/01/o-old-lady-computer-facebook.jpg",,,"ganda1f","https://now.makezurich.ch/event/4","Make Zurich 2020"
23.10.20,"https://now.makezurich.ch/project/60","rC3 Lounge Experience","78","Launching","30","Grab the starter kits and run. Maybe do something semi-useful later.",,,"https://pbs.twimg.com/profile_banners/1315073085532516355/1602442014/1500x500",,"https://twitter.com/rc3lounge","ganda1f","https://now.makezurich.ch/event/4","Make Zurich 2020"
23.10.20,"https://now.makezurich.ch/project/59","Smart wäscherei","69","Launching","30","Detect usage and availability of washing machines",,,"https://www.flaticon.com/svg/static/icons/svg/75/75258.svg","https://github.com/SembeiNorimaki/Smart_Wascherei",,"isaac_alonso","https://now.makezurich.ch/event/4","Make Zurich 2020"
23.10.20,"https://now.makezurich.ch/project/56","Granny's Safe","66","Prototyping","20","Granny's Safe is a privacy-concerned, passive, IoT system that detects when Granny has fallen",,,"https://assets.gitlab-static.net/uploads/-/system/project/avatar/22014081/GrannysSafe.png","https://gitlab.com/Westerm/make_zurich","https://docs.google.com/viewer?url=https://gitlab.com/Westerm/make_zurich/-/raw/master/Make%20Zurich%202020.pdf","frederik_schmitz","https://now.makezurich.ch/event/4","Make Zurich 2020"
23.10.20,"https://now.makezurich.ch/project/61","Bleep as a Service","65","Sketching","10","Exploring ways to bring sound to the people",,,"https://img.redbull.com/images/c_crop,x_1019,y_0,h_1750,w_1400/c_fill,w_860,h_1075/q_auto,f_auto/redbullcom/2019/01/04/b3fce7b3-a7a5-44a4-bc2f-e616b187f70b/richard-devine-modular-synth","https://gitlab.com/morgulbrut/baas",,"ganda1f","https://now.makezurich.ch/event/4","Make Zurich 2020"
23.10.20,"https://now.makezurich.ch/project/51","have a seat.","63","Launching","30","Collect data of public chairs, how they are used, how often, on what time, at which position (sun, shadow)",,"https://github.com/2ni/makezurich-moveandchill/issues","https://upload.wikimedia.org/wikipedia/commons/3/39/Sechsel%C3%A4utenplatz_St%C3%BChle.jpg","https://github.com/2ni/makezurich-moveandchill",,"2ni","https://now.makezurich.ch/event/4","Make Zurich 2020"
23.10.20,"https://now.makezurich.ch/project/65","Velo Parkli","56","Launching","30","Where can I park my bike? Let's use the ultrasonic distance sensor to monitor the bike racks! :)",,"https://app.slack.com/client/T0CMJ6ESH/C01AWBU956F",,,"https://velo-parkli.duckdns.org/","emapanz","https://now.makezurich.ch/event/4","Make Zurich 2020"
23.10.20,"https://now.makezurich.ch/project/69","Breathe! on LoRaWAN","54","Prototyping","20","Make our open device able to stream its data with TTN.",,,"https://avatars1.githubusercontent.com/u/51740177?v=4","https://github.com/logair/logair-makezurich","https://hackmd.io/@oleg/Hk9uUJi_w","emmanuel_kellner","https://now.makezurich.ch/event/4","Make Zurich 2020"
23.10.20,"https://now.makezurich.ch/project/68","nana","53","Launching","30","Detachable wearable sensor for detecting falls",,,"https://i.imgur.com/FC6xgo6.png",,"https://docs.google.com/presentation/d/1-D1_k6b1rk-FCCI9S9toE-26HMneFMbwHFjG3mWcweQ/edit?usp=sharing","DraGaNa","https://now.makezurich.ch/event/4","Make Zurich 2020"
23.10.20,"https://now.makezurich.ch/project/55","LAYr","49","Prototyping","20","Thermal camera to detect person laying down on the floor + responsive pavement on the free available space of the floor",,"https://ttn-ch.slack.com/archives/C01AFDN7K6K","https://i.imgur.com/lnn2dNG.png","https://github.com/trajkd/LAYr","https://docs.google.com/presentation/d/16TKLwifX37u_9ZTUohQQeavas6nrkcYNEjv-fbRQE0o/edit?usp=sharing","ciaodejan","https://now.makezurich.ch/event/4","Make Zurich 2020"
23.10.20,"https://now.makezurich.ch/project/72","covidscreen.ch","46","Researching","0","Commercially viable Swiss Ai built Corona Scanning Camera ready for production",,"https://www.covidscreen.ch","https://avatars3.githubusercontent.com/u/12561432?v=4","https://github.com/nattimmis/covidscreen","https://www.covidscreen.ch","nattimmis","https://now.makezurich.ch/event/4","Make Zurich 2020"
23.10.20,"https://now.makezurich.ch/project/66","Purge da Tub","41","Researching","0",,,,,"https://github.com/WullT/mz-transformerstation","https://1drv.ms/p/s!Aj_hYoIcf3UTi13xl_eMugOD2rZE?e=d9HXYe","pierre_staquet","https://now.makezurich.ch/event/4","Make Zurich 2020"
23.10.20,"https://now.makezurich.ch/project/50","Green IoT space","37","Researching","0","Detecting of usage of green spaces",,"https://github.com/filippo82/mz2020-green-space/issues","https://www.stadt-zuerich.ch/content/dam/stzh/ted/Deutsch/Ueber%20das%20Departement/Medienmitteilungen/2010/mai/Fliegendes_Piratenschiff/Spielplatz_Kollerwiese_001.JPG","https://github.com/k3rnell/green-space","https://u.nu/akeurich2020","apyka","https://now.makezurich.ch/event/4","Make Zurich 2020"
23.10.20,"https://now.makezurich.ch/project/48","Open Municipal Hardware","23","Researching","0","We'll try to prototype a smart cap for a hydrant plug, that detects when it's removed.",,"https://github.com/make-zurich/open-challenge-ideas-2020/issues/3",,,,"tamberg","https://now.makezurich.ch/event/4","Make Zurich 2020"
23.10.20,"https://now.makezurich.ch/project/67","awesomegreenspace-backend","11","Researching","0",,,"https://github.com/maxmayr95/awesomegreenspace-backend/issues","https://avatars0.githubusercontent.com/u/27785831?v=4","https://github.com/maxmayr95/awesomegreenspace-backend",,"max_mayr","https://now.makezurich.ch/event/4","Make Zurich 2020"
23.10.20,"https://now.makezurich.ch/project/54","Breathe Fit","9","Researching","0","Use air pollution sensors together with sport activity tracking. ",,"https://github.com/rootart/breathe-fit/issues",,,,"vasyl.dizhak","https://now.makezurich.ch/event/4","Make Zurich 2020"
23.10.20,"https://now.makezurich.ch/project/57","Old People Alert System (OPAS)","8","Researching","0","This team is not participating anymore. ",,,,,,"luc_holzherr","https://now.makezurich.ch/event/4","Make Zurich 2020"
23.10.20,"https://now.makezurich.ch/project/52","Move The Chair","4","Researching","0",,,,,,,"thomas","https://now.makezurich.ch/event/4","Make Zurich 2020"
31.10.20,"https://2020.healthhack.solutions/project/62","WhachaCallit Med","146","Promoting","40","Making medical information more accessible and understandable to patients",,"https://dayonehealthhack.slack.com/archives/D01D6H53CDQ","https://assets.editor.p5js.org/5f308dc34df9850024267da8/49779448-1728-4eed-a360-341aee9cc54e.jpg","https://github.com/faxg/healthhack-medjargonbuster","https://vimeo.com/476635313","catherine_spivey","https://2020.healthhack.solutions/event/3","Project Submissions"
31.10.20,"https://2020.healthhack.solutions/project/82","Hawking's Mate","130","Supporting","50","A predictive-monitoring platform to empower ALS caregivers & clinicians to provide the best patient-centric solutions.",,"https://dayonehealthhack.slack.com/archives/C01DUTLF37F","https://avatars0.githubusercontent.com/u/73656320?s=200&v=4","https://github.com/z-health-hack/guardian","https://player.vimeo.com/video/476802315","petronela_sandulache","https://2020.healthhack.solutions/event/3","Project Submissions"
31.10.20,"https://2020.healthhack.solutions/project/80","Health Companion","129","Supporting","50","The health advisor that combines all your apps",,,"https://raw.githubusercontent.com/mduu/HealthCompanion2020/main/src/HH20Backend/HH20Web/wwwroot/favicon.png","https://github.com/mduu/HealthCompanion2020","https://drive.google.com/file/d/11DVYeCWNt2RbD6vzwMJ2Jiom43irbizF/preview","arbennuhija","https://2020.healthhack.solutions/event/3","Project Submissions"
31.10.20,"https://2020.healthhack.solutions/project/78","My Health Data Core","127","Researching","0","As a chronic patient, I want to be able to collect all my different records in one place",,"https://dayonehealthhack.slack.com/archives/D01D3S179LM","https://github.com/guillaume-azarias/My-HealthData-Core/blob/main/Logo.png?raw=true","https://github.com/guillaume-azarias/My-HealthData-Core","https://drive.google.com/file/d/1zmbGM1MCnZwjhyd3rpEZ0YaWeu6nJWCl/preview","simone_mona_raisch","https://2020.healthhack.solutions/event/3","Project Submissions"
31.10.20,"https://2020.healthhack.solutions/project/77","Odyssey","125","Promoting","40","Integration of the know-how of best possible standard of care and tailor this information to an individualized patient.",,"https://miro.com/app/board/o9J_kg52VVQ=/",,"https://drive.google.com/drive/folders/1nerBiZbfUTF9Egpeh10H9702cChcTgK9","https://www.youtube.com/embed/5aWB6d3VpWI","vilem_guryca","https://2020.healthhack.solutions/event/3","Project Submissions"
31.10.20,"https://2020.healthhack.solutions/project/69","HealthCareSolutionsRedefined","115","Promoting","40","Centralised System to maintain, retrive health records with data privacy and security",,"https://dayonehealthhack.slack.com/archives/C01DTQN9J5R","https://gitlab.com/pertiatechnologies/dayonehealthhackathon/-/blob/master/bk1.jpg","https://gitlab.com/pertiatechnologies/dayonehealthhackathon","https://www.youtube.com/embed/NMJLZ_fRAQ8","smita_more","https://2020.healthhack.solutions/event/3","Project Submissions"
31.10.20,"https://2020.healthhack.solutions/project/79","DocRefConsulter","107","Promoting","40","Browser extension for patients to evaluate and filtrate sites and othe sources of medical and support info",,"https://dayonehealthhack.slack.com/archives/D01DJ6M1SHK","https://raw.githubusercontent.com/AlexanderKononov/DocRefConsulter/main/DocRefConsulter/logo_scratch.jpg","https://github.com/AlexanderKononov/DocRefConsulter","https://youtu.be/jAt4TMZmzTw","Alex_Kononov","https://2020.healthhack.solutions/event/3","Project Submissions"
31.10.20,"https://2020.healthhack.solutions/project/74","Self-Radar","100","Supporting","50","Towards Improved Prediction and Management  - An Interactive Patient Diary, Emotional Radar and Helper",,"https://dayonehealthhack.slack.com/archives/C01DNMH1JDT","https://raw.githubusercontent.com/onnobos/hackathon/main/load_screen.png","https://github.com/onnobos/hackathon","https://www.youtube.com/embed/f-Cmzly5gpw","onno","https://2020.healthhack.solutions/event/3","Project Submissions"
31.10.20,"https://2020.healthhack.solutions/project/29","KlarMD ","100","Supporting","50","Instant clarity on your medical conditions & diagnostic reports from a specialists with patient support groups",,,"https://i.imgur.com/MuIwcSn.png",,"https://www.klarmd.com/product","felix_appiagyei","https://2020.healthhack.solutions/event/3","Project Submissions"
31.10.20,"https://2020.healthhack.solutions/project/63","MyJOURNEY platform","99","Supporting","50","Enhancing the patient experience by facilitating patient-clinician interactions across multiple channels",,,,"https://github.com/hariskap/MyJourney/tree/develop","https://drive.google.com/file/d/1AXkxUNAR1lZpaWid5C6zwHHLAM4pZyVu/preview","adaeze_nwobodo","https://2020.healthhack.solutions/event/3","Project Submissions"
31.10.20,"https://2020.healthhack.solutions/project/73","DataMosaic","86","Researching","0","Building a data mosaic integrating data from different data streams ",,"https://dayonehealthhack.slack.com/archives/C01CP943HV5","https://raw.githubusercontent.com/purwyler/dataMosaic/main/logo/Bildschirmfoto%202020-11-06%20um%2015.22.47.png","https://github.com/purwyler/dataMosaic",,"prabitha_urwyler","https://2020.healthhack.solutions/event/3","Project Submissions"
31.10.20,"https://2020.healthhack.solutions/project/81","<So Hum> every breath you take!","80","Launching","30","A shared decision making tool for patients suffering from respiratory disorders",,"https://dayonehealthhack.slack.com/archives/C01D5787KTL/p1604654667095800","https://arstechnica.com/gadgets/2018/10/garmin-vivosmart-4-review-the-attractive-new-face-of-the-vivosmart-line/","https://projects.invisionapp.com/m/share/2DW1MDLZQR5#/407333940","https://drive.google.com/file/d/11WvlXiq8emwB0Y6X3P3EN8TGMp5i9umu/preview","drsatishsj","https://2020.healthhack.solutions/event/3","Project Submissions"
31.10.20,"https://2020.healthhack.solutions/project/75","shock-absorber-connect","79","Promoting","40","Connect a patient to the pateint community via the healthsystem on the day they are diagnosed with a rare disease",,"https://dayonehealthhack.slack.com/archives/C01DGEDESU9",,,"https://miro.com/app/board/o9J_kg9BRx4=/","StevenBourke","https://2020.healthhack.solutions/event/3","Project Submissions"
31.10.20,"https://2020.healthhack.solutions/project/76","Katarina for patients","69","Launching","30","A mobile application that empowers patients during their health care journey.",,,"https://i.postimg.cc/RVTtJZLP/Banner.png",,"https://katarina.xyz/hackathon/","Gregory","https://2020.healthhack.solutions/event/3","Project Submissions"
31.10.20,"https://2020.healthhack.solutions/project/72","digiCoach","59","Researching","0","Tele-coach system for empowering diabetes self-management",,"https://dayonehealthhack.slack.com/archives/C01E8QTE36F","https://raw.githubusercontent.com/purwyler/dataMosaic/main/logo/digiCoach.png","https://github.com/purwyler/digiCoach",,"prabitha_urwyler","https://2020.healthhack.solutions/event/3","Project Submissions"
13.11.20,"https://hack.opendata.ch/project/547","2 - Recycling-Station","105","Prototyping","20","Eine Ideale mini-Recycling-Station fürs Im Lenz",,"https://smartcitylab-lenzburg.slack.com/archives/C01CPCJGQH5","https://bucketeer-036aa605-c047-4623-8610-f1764b90cf98.s3.amazonaws.com/public/2M28LA5OGPUGYQ8KMJY2WOSK.jpg","https://github.com/EldhosePoulose/SmartWasteCollectionCenter","https://docs.google.com/presentation/d/1ekWuQNCLE8DzaHyIkJ8HiEvb8LdyLqVRZYNkxUGsISk/edit#slide=id.ga1fcd46068_0_0","nikki_böhler","https://hack.opendata.ch/event/32","Smart City Lab - Lenzburg"
13.11.20,"https://hack.opendata.ch/project/662","Energieberatung der Zukunft","86","Launching","30","Die neue Welt der ""Energieberatung"" ist die Begleitung der Kunden bei der Umsetzung, unter zunehmender Nutzung von Daten",,,"https://bucketeer-036aa605-c047-4623-8610-f1764b90cf98.s3.amazonaws.com/public/XEBRPH973UJ7A2WRN7K3JD48.png",,"https://hack.opendata.ch/project/554","wolfram","https://hack.opendata.ch/event/32","Smart City Lab - Lenzburg"
13.11.20,"https://hack.opendata.ch/project/663","5. Lenzburg wie neu - Meldeplattform für Infrastrukturschäden","72","Promoting","40","Attraktive Web-App zum Erfassen von Infrastrukturschäden durch die Bevölkerung mit simplem Back-end für die  Verwaltung.",,"https://ww.linkedin.com/in/florian-rittiner-99328125",,,,"Florian","https://hack.opendata.ch/event/32","Smart City Lab - Lenzburg"
13.11.20,"https://hack.opendata.ch/project/608","7 - PV/ZEV im Lenz","70","Launching","30","Photovoltaik auf die Dächer Im Lenz Areal?",,"https://smartcitylab-lenzburg.slack.com/archives/C01D5KZ61HR",,,,"nikki_böhler","https://hack.opendata.ch/event/32","Smart City Lab - Lenzburg"
13.11.20,"https://hack.opendata.ch/project/660","Toolkit for urban data collection","67","Promoting","40","Toolkit for decision makers and specialists to gain experience with data collection.",,,,,,"michel","https://hack.opendata.ch/event/32","Smart City Lab - Lenzburg"
13.11.20,"https://hack.opendata.ch/project/611","12 - Vernetzung der Quartiere","52","Prototyping","20","Wie können die verschiedenen Quartiere in Lenzburg besser miteinander vernetz werden?",,,,,,"nikki_böhler","https://hack.opendata.ch/event/32","Smart City Lab - Lenzburg"
13.11.20,"https://hack.opendata.ch/project/661","Lenzburg – Alte Stadt mit neuem Charme","42","Researching","0","Dateien Repo für SmartCityLab Hackten Projekt ""Belebung Altstadt""",,"https://smartcitylab-lenzburg.slack.com/archives/C01CXFAQPAA","https://avatars2.githubusercontent.com/u/1699916?v=4","https://github.com/julochrobak/smartcitylab-lenzburg-belebung-altstadt","https://hackmd.io/@oleg/BJyF446Fv","ulrich_lantermann","https://hack.opendata.ch/event/32","Smart City Lab - Lenzburg"
13.11.20,"https://hack.opendata.ch/project/664","6 - Lenzburg Strom Autark: The overview","31","Sketching","10",,,,,,,"Maud","https://hack.opendata.ch/event/32","Smart City Lab - Lenzburg"
13.11.20,"https://hack.opendata.ch/project/607","6 - Energieautarkes Lenzburg","2","Challenge","-1","Wie kann Lenzburg zu einer ernergieautarken Stadt werden?",,"https://smartcitylab-lenzburg.slack.com/archives/C01DGV0N14H",,,,"nikki_böhler","https://hack.opendata.ch/event/32","Smart City Lab - Lenzburg"
13.11.20,"https://hack.opendata.ch/project/549","4 - Belebung Altstadt ","2","Challenge","-1",,,"https://smartcitylab-lenzburg.slack.com/archives/C01CXFAQPAA",,,,"nikki_böhler","https://hack.opendata.ch/event/32","Smart City Lab - Lenzburg"
13.11.20,"https://hack.opendata.ch/project/610","11 - Lenzburg's Webcams","0","Challenge","-1","Wie können die Webcams in Lenzburg besser genutzt werden?",,,,,,"nikki_böhler","https://hack.opendata.ch/event/32","Smart City Lab - Lenzburg"
13.11.20,"https://hack.opendata.ch/project/548","3 - Smarte 2000-Watt Areale","0","Challenge","-1","Wie kann man die energieeffizienten 2000-Watt Areale noch smarter machen?",,"https://smartcitylab-lenzburg.slack.com/archives/C01CXFDDNDU",,,,"nikki_böhler","https://hack.opendata.ch/event/32","Smart City Lab - Lenzburg"
13.11.20,"https://hack.opendata.ch/project/609","10 - Smart Home","0","Challenge","-1","Wie sieht die Ausstattung und Steuerung im Haus der Zukunft aus?",,,,,,"nikki_böhler","https://hack.opendata.ch/event/32","Smart City Lab - Lenzburg"
13.11.20,"https://hack.opendata.ch/project/546","1 - Sharing is Caring","0","Challenge","-1","Wie kann durch “sharen” von bestehenden Ressourcen im Lenz eine Gemeinschaft gründet werden?",,"https://smartcitylab-lenzburg.slack.com/archives/C01CPAB5BUP",,,,"nikki_böhler","https://hack.opendata.ch/event/32","Smart City Lab - Lenzburg"
13.11.20,"https://hack.opendata.ch/project/553","8 - Anschluss E-Auto","0","Challenge","-1","Mehr e-Ladestationen für Lenzburg",,"https://smartcitylab-lenzburg.slack.com/archives/C01DH0GM12M",,,,"nikki_böhler","https://hack.opendata.ch/event/32","Smart City Lab - Lenzburg"
13.11.20,"https://hack.opendata.ch/project/550","5 - Lenzburg wie Neu","0","Challenge","-1","Dank einer App/webseite Mängel im Lenzburger öffentlichen Raum melden",,"https://join.slack.com/share/zt-jagglxf5-aGOJ1quk6OgwedlNAi1TWg",,,,"nikki_böhler","https://hack.opendata.ch/event/32","Smart City Lab - Lenzburg"
13.11.20,"https://hack.opendata.ch/project/554","9 - Energieberatung der Zukunft","0","Challenge","-1","Wie könnte eine Planung- und Energieberatung im Zeitalter der Digitalisierung aussehen?",,,,,"https://hack.opendata.ch/project/662","nikki_böhler","https://hack.opendata.ch/event/32","Smart City Lab - Lenzburg"
27.11.20,"https://hack.opendata.ch/project/658","106: Quality of Life in Lucerne","177","Supporting","50","What can the city administration of Lucerne do to enhance the quality of life for its residents?",,"https://opendatahackdays.slack.com/archives/C01E2GJPS6A","https://bucketeer-036aa605-c047-4623-8610-f1764b90cf98.s3.amazonaws.com/public/6Q89WSMD9BU9LNF0Z3ASKSC6.jpg","https://github.com/EldhosePoulose/HackdaysLucerne-LifeQualityAnalysis",,"nad_ja","https://hack.opendata.ch/event/35","Shape My City"
27.11.20,"https://hack.opendata.ch/project/655","10 - 2000-Watt-Site - Reduction of energy consumption","139","Prototyping","20",,,,"https://bucketeer-036aa605-c047-4623-8610-f1764b90cf98.s3.amazonaws.com/public/M6R0TX7X68DHNJU7WBWN65D4.jpg",,"https://www.figma.com/proto/cuotC3oRfbtYya1T93GbxO/Prototype-App-eJames?node-id=1%3A2&scaling=scale-down","waoehnin","https://hack.opendata.ch/event/35","Shape My City"
27.11.20,"https://hack.opendata.ch/project/616","11 - Reduce car rides at traffic peak hours","138","Supporting","50","How to cope with traffic on the Nidfeld 2000-Watt Site in Kriens (LU)",,,"https://www.losinger-marazzi.ch/media/filer_public_thumbnails/filer_public/24/bc/24bc0071-30c4-4dd1-b541-b12f67802a16/8255-nidfeld__aussenbilder_kopfbau_f1.jpg__1000x1000_q60_subsampling-2.jpg",,"https://docs.google.com/presentation/d/e/2PACX-1vQ_tkdHbqpTPlf8gd8eBb3v0KrKmXabo2p_EIrYe9s5x2xdjiixr4kP6iUUs7t-Y_MyTKyu3KI9fgZh/embed?start=false&loop=false&delayms=3000","waarbenz","https://hack.opendata.ch/event/35","Shape My City"
27.11.20,"https://hack.opendata.ch/project/665","9: 360° Stakeholderfeedback  ","133","Promoting","40","Stakeholderanalysis dashboard to mitigate risks in building projects.",,"https://gitlab.com/eikyu/naked_shareholder/issues","https://bucketeer-036aa605-c047-4623-8610-f1764b90cf98.s3.amazonaws.com/public/SRM8ALXNQEGFPVVWD7H9E7WI.jpg","https://gitlab.com/eikyu/naked_shareholder","https://app.powerbi.com/view?r=eyJrIjoiMTA5OTBlY2QtNTcyNi00N2VjLWIxNTgtZTQ5YmI3ZjYzMDk2IiwidCI6IjhkYTZkN2QxLTFiZjQtNGJkZi05NmE4LTIyOTFhM2MxZDA4MiJ9","silvan_leibacher","https://hack.opendata.ch/event/35","Shape My City"
27.11.20,"https://hack.opendata.ch/project/619","03. Solar Energy in the City","104","Researching","0","We are searching the spots that are most feasible for utilizing solar energy in the city.",,"https://opendatahackdays.slack.com/archives/C01CGMHGS92","https://upload.wikimedia.org/wikipedia/commons/thumb/b/b0/Photovoltaic_power_station%2C_Glynn_Co%2C_GA%2C_US.jpg/1024px-Photovoltaic_power_station%2C_Glynn_Co%2C_GA%2C_US.jpg","https://github.com/solarlucerne/solarpotential_lucerne","https://docs.google.com/presentation/d/e/2PACX-1vRzcWzB5hGsQZhhrbcQjKbabl0_xga4ngIuoJrAmKa8HLOBe14wbdduXhKPiz3ZRg/embed","thomas_j","https://hack.opendata.ch/event/35","Shape My City"
27.11.20,"https://hack.opendata.ch/project/667","Drug Sharing Ecosystem Driven by Blockchain","96","Researching","0","Blockchain was developed to increase transparency, security and automatization in the health care industry.",,"https://www.hslu.ch/de-ch/hochschule-luzern/ueber-uns/personensuche/profile/?pid=3348","https://bucketeer-036aa605-c047-4623-8610-f1764b90cf98.s3.amazonaws.com/public/I934VPMF13RV5734A1CXEBTN.png","https://drive.google.com/drive/folders/1RSqah29pnHjzddflcLhnI3TPh6pl2gEH",,"group007","https://hack.opendata.ch/event/35","Shape My City"
27.11.20,"https://hack.opendata.ch/project/653","06 Quantification of visitors of cultural events in Lucerne","92","Researching","0","Create a prototype of a technical solution to count visitors of cultural events.",,"https://opendatahackdays.slack.com/archives/C01EMT2B9BK","https://bucketeer-036aa605-c047-4623-8610-f1764b90cf98.s3.amazonaws.com/public/YL9WEVS859739ZP0G8ZJAPNY.jpg","https://github.com/ccetinkaya/hackday_t6","https://docs.google.com/presentation/d/e/2PACX-1vTaX11wB2v_OaGtGNXXQB33CW7Uz-FxiAMVFjoEx34Oy7SDub5fWL-24Q254flGq1jZawkXYniYEQij/embed","wagunase","https://hack.opendata.ch/event/35","Shape My City"
27.11.20,"https://hack.opendata.ch/project/656","12: Find energy inefficient buildings in the city of Lucerne","84","Researching","0","Improve the process of analysing building structures.",,"https://github.com/Duneyr4/Analysis-of-energy-inefficient-buildings/issues",,"https://github.com/Duneyr4/Analysis-of-energy-inefficient-buildings","https://docs.google.com/presentation/d/e/2PACX-1vSESN-siT1g3AzMzW3J9kHBVcmrXmLhrmuOwVFW_g_7oMxDL3PaWeYR4bEeSOv5R_XvxEyfFpa86iel/embed?start=true&loop=false&delayms=3000","lucacelli","https://hack.opendata.ch/event/35","Shape My City"
27.11.20,"https://hack.opendata.ch/project/605","08. Open Social Spaces ","67","Researching","0","Organisation of Open Social Spaces using the example of the ""Rüteliwiese"" in Horw",,"https://opendatahackdays.slack.com/archives/C01E1SG3HU1","https://github.com/caro-mat/open-data-challenge/blob/main/rueteliwiese.png?raw=true","https://drive.google.com/drive/folders/1EjHhKTdJBoTQOR4ixE-xqiE1H8m8XJ8T","https://star.cyon.site/","Sany","https://hack.opendata.ch/event/35","Shape My City"
27.11.20,"https://hack.opendata.ch/project/615","04: Consumer behavior of the population in the canton of Lucerne","61","Researching","0","Different persona are to be compiled on the basis of data from Bfs and LuStat to raise awareness of environmental issues",,"https://opendatahackdays.slack.com/archives/C01BVQEJHMM","https://cdn.pixabay.com/photo/2016/01/27/22/10/shopping-1165437_960_720.jpg","https://github.com/G-Unit-777/consumer_behavior_lucerne",,"AR8","https://hack.opendata.ch/event/35","Shape My City"
27.11.20,"https://hack.opendata.ch/project/657","103 - Geovisualization of simulated building energy demands","56","Researching","0","Interactive visualization of the energy use of buildings based on energy simulation data",,"https://opendatahackdays.slack.com/archives/C01FGHRDNU9",,,,"odermattmi","https://hack.opendata.ch/event/35","Shape My City"
27.11.20,"https://hack.opendata.ch/project/617","102: Small Neighbourhoods","55","Researching","0","Visualize existing data of the small sub-quarters to gain valuable insights about the participation of those residents",,"https://opendatahackdays.slack.com/archives/C01E9EPJW9Z",,,"https://docs.google.com/presentation/d/e/2PACX-1vTEFsVtGKn4M3sMCHMefoHhiHulghhS469wC0Tv2Z_e77CZvWB6hfz64yEl6T6ESZsGCaAFngL2_7g-/pub?start=false&loop=false&delayms=3000/embed","ALiebrich","https://hack.opendata.ch/event/35","Shape My City"
27.11.20,"https://hack.opendata.ch/project/618","104: Flat finder for seniors","41","Researching","0","Enabling seniors to find a place that fits their needs.",,"https://opendatahackdays.slack.com/archives/C01EZ3ZHYKA",,"https://github.com/kimmintu/data-challenge","https://hack.opendata.ch/project/618","luca_h","https://hack.opendata.ch/event/35","Shape My City"
27.11.20,"https://hack.opendata.ch/project/613","105: Netto- Null in den Quartieren? ","37","Researching","0","Visualisierung des Ist-Zustands als beitrag zur Energiewende in den Quartieren der Satdt Luzern ",,"https://opendatahackdays.slack.com/archives/C01E6619BJR",,,"https://docs.google.com/presentation/d/e/2PACX-1vR2IADtstpaFOHnmQTL8icISUHygXyjsl6StcL5uCiq6DDuzHln1mewutr2LzN1dn0CdjOCHpqIVNCb/embed?start=false&loop=false&delayms=3000","AlexandraYanina","https://hack.opendata.ch/event/35","Shape My City"
27.11.20,"https://hack.opendata.ch/project/612","01. From 2D to 3D-Underground-Data","0","Challenge","-1","Combine and transform given 2D fresh water and sewage system plans into a 3D model. ",,,"https://github.com/Ermaconomist/hackathon-shape-my-city/blob/main/02_img/Bildschirmfoto%202020-10-16%20um%2011.42.27.png?raw=true","https://github.com/Ermaconomist/hackathon-shape-my-city",,"nico","https://hack.opendata.ch/event/35","Shape My City"
11.12.20,"https://bd.hack4socialgood.ch/project/9","Cubo - Nimm dein Leben in die Hand","143","Launching","30","Ein Würfel, mit dem du in anspruchsvollen Zeiten achtsam dein Leben in die Hand nehmen kannst ",,"https://teams.microsoft.com/l/channel/19%3aeaf3eabad72d48f3a7ae7d202b719960%40thread.tacv2/4%2520-%2520Cubo?groupId=3d98937a-5aef-4b17-83cc-99e185b19533&tenantId=d6a1cf8c-768e-4187-a738-b6e50c4deb4a","https://bernerfachhochschule.sharepoint.com/sites/s-hack4socialgood-event/Freigegebene%20Dokumente/4%20-%20Cubo/CuboLogo.png",,"https://tube.switch.ch/embed/5cb00efb","huembelin","https://bd.hack4socialgood.ch/event/1","Hack4SocialGood"
11.12.20,"https://bd.hack4socialgood.ch/project/44","Care giver portal","123","Promoting","40","Supporting job searches with a more transparent marketplace",,"https://teams.microsoft.com/l/channel/19%3a75b56ae9a23f4af79bdbbbdcf5997653%40thread.tacv2/2%2520-%252024%2520hours%2520care?groupId=3d98937a-5aef-4b17-83cc-99e185b19533&tenantId=d6a1cf8c-768e-4187-a738-b6e50c4deb4a","https://dl.airtable.com/.formViewCoverImages/67ae4a61fafddcf7ce8c979fd578076d/2142c67d","https://github.com/tholzgang/Caritas-Challenge","https://speakerdeck.com/player/15118736799f44a7bb91b7e23d748f99?title=false&skipResize=true","oleg","https://bd.hack4socialgood.ch/event/1","Hack4SocialGood"
11.12.20,"https://bd.hack4socialgood.ch/project/1","Asylum Seekers' Profiles Visualization","114","Supporting","50","Tool zur Unterstützung von Sozialarbeiter*innen bei der Begleitung von Asylsuchenden und Flüchtlingen",,"https://teams.microsoft.com/l/channel/19%3a34cb8f6bdfcc48d7806accfde13a0c2f%40thread.tacv2/3%2520-%2520Asylum%2520Seekers%2520Profiles%2520Visualization?groupId=3d98937a-5aef-4b17-83cc-99e185b19533&tenantId=d6a1cf8c-768e-4187-a738-b6e50c4deb4a","http://drive.google.com/uc?export=view&id=1QcaSJFeibR2FULrV2quVd_8U7l6PrO8s","https://github.com/huembelin/asylumSeeker","https://johanneshool.github.io/asylumseeker/","huembelin","https://bd.hack4socialgood.ch/event/1","Hack4SocialGood"
11.12.20,"https://bd.hack4socialgood.ch/project/5","Social Assistance Expenditures","106","Supporting","50",,,"https://teams.microsoft.com/l/channel/19%3a8c2241b618cb47a0874d032e08928d56%40thread.tacv2/8%2520-%2520Social%2520Assistance%2520Expenditures?groupId=3d98937a-5aef-4b17-83cc-99e185b19533&tenantId=d6a1cf8c-768e-4187-a738-b6e50c4deb4a","http://drive.google.com/uc?export=view&id=1M_Imlcj5dCrdiipAxRlwvBfQ4ZAq0lLw","https://web.tresorit.com/l/PNtgs#q1ra3_7U2pAr-PvhDDCDyg","https://tube.switch.ch/embed/616bebf0","huembelin","https://bd.hack4socialgood.ch/event/1","Hack4SocialGood"
11.12.20,"https://bd.hack4socialgood.ch/project/43","Poverty and Inequality data visualization","103","Promoting","40","Entwicklung eines Dashboard für visuellen Zugang und Abgleich von Sozial- und Angebotsindikatoren.",,"https://teams.microsoft.com/l/channel/19%3a1aefac3a07b14a2aa942e38e3c74ba2a%40thread.tacv2/8%2520-%2520Poverty%2520and%2520Inequality?groupId=3d98937a-5aef-4b17-83cc-99e185b19533&tenantId=d6a1cf8c-768e-4187-a738-b6e50c4deb4a",,"https://github.com/dhevenstone/inequalities","https://tube.switch.ch/embed/26c59bc2","ordeldoi","https://bd.hack4socialgood.ch/event/1","Hack4SocialGood"
